row,col,lat,lon,mf_score
19,326,32.98912204865357,-103.86646447356854,0.2544133256813866
19,327,32.989061231164115,-103.86608662017042,0.314889486050303
20,326,32.988767330564336,-103.86654959867252,0.499346515210246
20,327,32.98870647550671,-103.86617442809259,0.6483513771520815
20,328,32.988645647555664,-103.86579659803151,0.30923485580122595
21,326,32.988410557846336,-103.86663550546855,0.3262167995257212
21,327,32.98834977241967,-103.86625450493516,0.3248378641197857
21,328,32.98828894302369,-103.86587651790443,0.1469969140030514
23,568,32.97278591206478,-103.7760433763762,0.12001963443534854
32,18,33.00292077442572,-103.98549156200744,0.31234869981388574
33,18,33.00256521096976,-103.98557368674922,0.25377813750121614
48,22,32.99701570112077,-103.98532089526117,0.2932544485475381
49,22,32.996664735466446,-103.9854134307301,0.24774811619387135
49,23,32.996605804082556,-103.9850281780347,0.26220498463990494
50,22,32.99631375715771,-103.98550236721361,0.23455327204925905
50,23,32.99625482348173,-103.98511771140346,0.31671929860646236
50,24,32.99619588238219,-103.98473307721356,0.1692357691283024
51,23,32.99590384923951,-103.98520930979572,0.3816554568823243
51,24,32.99584490234899,-103.98482426639507,0.1875919437368584
52,23,32.99555286826318,-103.98529919305948,0.37997134108784336
52,24,32.995493918533036,-103.98491456456229,0.17553791007545902
56,24,32.99408998299964,-103.9852775512504,0.3142984126987694
57,24,32.9937389898569,-103.98536650177098,0.3463104160220255
57,25,32.993680011207424,-103.98498190961597,0.17141340183714857
58,24,32.99338801133646,-103.98545905058552,0.2476238676062793
58,25,32.99332902830394,-103.98507446079206,0.23987937232494883
59,24,32.993037016458246,-103.98554800320049,0.16256792138886972
59,25,32.99297802917602,-103.98516341671882,0.2661834874513526
60,24,32.992686020493046,-103.98563695691183,0.17989160267321277
60,25,32.99262702896091,-103.98525237374055,0.3119112342009016
61,24,32.992335040481265,-103.98572950862017,0.14510405884849348
61,25,32.9922760445655,-103.9853449278063,0.33261559667104457
62,25,32.991925042622434,-103.98543388691807,0.36996656862556543
63,25,32.99157405738639,-103.98552644287628,0.2043492243156121
63,566,32.95868937199441,-103.78028819462364,0.22045363689143932
63,567,32.95862692518574,-103.77991467262697,0.2352976354592858
64,566,32.95833603472093,-103.78038079042413,0.11040664956136921
64,567,32.958273571688316,-103.78000792142723,0.13950890768810648
90,32,32.981677715756646,-103.98526358411267,0.43130015698147584
108,36,32.975128194692005,-103.98527818933239,0.24880076706336265
108,37,32.9750689597635,-103.98489760027846,0.316123342133081
109,36,32.974777565096936,-103.98536567668461,0.33726265269160527
109,37,32.97471832646174,-103.9849850908421,0.3448028581436731
110,36,32.97442693444425,-103.98545316520826,0.28232210372572303
110,37,32.974367685289614,-103.9850719175308,0.13357850849260422
113,37,32.97331589666676,-103.9853458028315,0.270276216407751
114,37,32.97296529784575,-103.98543687818173,0.3477814865232988
115,37,32.972614698855615,-103.9855279544973,0.31477792196013593
145,480,32.935089644034804,-103.81979561689984,0.2988219404790146
145,481,32.935027341915884,-103.81942114554676,0.24976270398275424
146,480,32.93473575747067,-103.81988914693993,0.28151112253756033
146,481,32.934673451638716,-103.81951467854269,0.2462309843670087
146,482,32.93461113980317,-103.81914023017565,0.032419797893057926
148,42,32.96070840653501,-103.98664466466067,0.6720361277435417
148,43,32.960648879652425,-103.98625745043893,0.3698833615558274
149,42,32.9603562483457,-103.98673688525129,0.3561786825674902
149,43,32.96029676582657,-103.98635295725579,0.35768177700948
157,321,32.940658908090654,-103.88092888439589,0.32134973735499195
157,322,32.94059758685999,-103.88055346374658,0.27709609916667954
158,321,32.94030199855696,-103.88101156902705,0.2792513315469941
158,322,32.94024066172427,-103.88063396067231,0.15724852538690073
159,320,32.94000639237078,-103.88146653398582,0.27979461105156606
159,321,32.93994507751901,-103.88109221656322,0.2740263733124028
159,322,32.9398837511989,-103.88071710889999,0.2224697549286771
160,321,32.939588136781815,-103.88116955796012,0.24449479642752805
165,144,32.948568581640785,-103.9489079711072,0.19325947774306046
166,143,32.94827994572771,-103.94937800855571,0.12557263318276635
166,144,32.94821972631406,-103.9489964914622,0.5585751625758179
166,145,32.94815950045352,-103.94861499763597,0.2988988762398247
167,143,32.947931123961624,-103.94946876241755,0.11351793892050105
167,144,32.94787088455212,-103.94908609413935,0.2782428900355492
167,145,32.94781063976128,-103.94870352209664,0.3178529074134638
168,144,32.94752205988095,-103.94917700711189,0.2151624868947818
168,145,32.94746177803363,-103.94879204741315,0.21496752314800618
186,523,32.917920411847206,-103.80729811034827,0.17786905596786656
186,524,32.917857701854935,-103.80692465882498,0.2531916461539985
186,525,32.917794986410925,-103.80655122891794,0.31083833566509317
187,522,32.917632567017286,-103.80776134627538,0.23470489414542087
187,523,32.91756985829896,-103.8073878763733,0.24922726273204054
187,524,32.917507144363704,-103.80701476991003,0.23490123994211234
187,525,32.91744442447839,-103.80664100132239,0.31057537065654794
187,526,32.91738169940608,-103.80626759626941,0.307468481228249
188,523,32.91721930366206,-103.8074776427397,0.3339665335024631
188,524,32.91715658731937,-103.80710653373671,0.15160184617491387
188,525,32.917093861456756,-103.8067307740656,0.28838718000462915
188,526,32.91703113219264,-103.8063573722009,0.30169358479897174
189,523,32.916869685782025,-103.80756904645494,0.25395692918397594
189,524,32.91680696338023,-103.80719560437434,0.20747087759207486
189,525,32.91674423552782,-103.80682218390982,0.220183782706386
189,526,32.91668150223981,-103.80644878510954,0.2433169911462464
344,598,32.85725798483718,-103.79362412425616,0.12593239778764345
344,599,32.85719429745481,-103.7932526550364,0.17311127765158654
344,600,32.857130556113326,-103.79287862800527,0.2246784820161025
344,601,32.857066865410175,-103.79250743647547,0.20581376758631942
344,602,32.857003140503075,-103.7921346986153,0.12361037200905677
345,596,32.857026047839284,-103.79445582389232,0.1359401071972718
345,597,32.85696236886779,-103.79408452651093,0.2957931588069606
345,598,32.85689868579924,-103.79371324880204,0.5691801798153486
345,599,32.856834939796954,-103.79333898038624,0.77078421366861
345,600,32.85677124916653,-103.79296776418376,0.5616525434461439
345,601,32.856707499152805,-103.79259372409668,0.5249316815527677
345,602,32.85664379744327,-103.7922223840092,0.28318566157734915
345,603,32.85658009537904,-103.79185124983321,0.3750066540031775
346,595,32.856730435246284,-103.79491627294281,0.46574711666717034
346,596,32.85666675644462,-103.79454495126076,0.21841441902092895
346,597,32.85660301367312,-103.79417062298238,0.1276610204047955
346,598,32.85653932707448,-103.79379935544654,0.43213921226717644
346,599,32.85647558982217,-103.7934257421334,0.29341309051231446
346,600,32.85641188255269,-103.79305387031384,0.5159268934733757
346,601,32.856348184370866,-103.79268268423684,0.5226751496697803
346,602,32.85628448232905,-103.79231152519634,0.38837833713813974
346,603,32.856220725347036,-103.79193777530774,0.18169974265990627
347,595,32.85637108684729,-103.79500236352429,0.40167319043149724
347,596,32.85630740437762,-103.79463104502564,0.06970821067421756
347,597,32.856243684961974,-103.79425809799662,0.14439483430905697
347,598,32.8561799672534,-103.793885455684,0.4831409831743347
347,599,32.85611627305288,-103.79351421808488,0.2595683717143489
347,600,32.8560525749426,-103.793143007333,0.09948926076993198
347,601,32.85598886219795,-103.79277127910886,0.07519365045681282
347,602,32.85592510742367,-103.79239763827033,0.13375625119470755
348,595,32.856011737490746,-103.79508845469103,0.30264906868102165
348,596,32.855948051352854,-103.79471713937453,0.3181040382041649
348,597,32.855884300407496,-103.794342817674,0.24368032600577996
348,598,32.85582060647417,-103.79397155650291,0.10899223097813664
348,599,32.855756908606594,-103.79360032208538,0.04666068887332868
353,576,32.85542503197901,-103.8025997413005,0.1801114669046756
353,577,32.855361410043,-103.80222810634291,0.23304140246074115
353,578,32.85529772427834,-103.80185373976771,0.2399248637322296
354,575,32.855129377677784,-103.80305774965349,0.2911446272492803
354,576,32.85506575306815,-103.80268593394229,0.23171283025419495
354,577,32.85500212401514,-103.80231414309714,0.18008556621009966
354,578,32.85493849054053,-103.8019423771969,0.09803468555193201
355,571,32.855024633923335,-103.80463433395957,0.2551341387502748
355,572,32.8549610234769,-103.80426242181954,0.20517800148544868
355,573,32.8548974085017,-103.8038905342365,0.12349324596737851
355,574,32.85483378901897,-103.80351867128672,0.089982416768119
355,575,32.85477016505007,-103.80314683304715,0.18817722121364583
355,576,32.8547065366165,-103.8027750195953,0.2501192733815971
355,577,32.85464288462959,-103.80240235696634,0.22192171354133639
355,578,32.8545792296607,-103.80202978190411,0.2847479592851244
356,571,32.8546654062437,-103.8047220493844,0.24120050403406923
356,572,32.85460175436669,-103.80434844380017,0.2594008130196021
356,573,32.85453813571315,-103.80397655939332,0.21773202726742902
356,574,32.85447451255242,-103.80360469961956,0.2491820563136722
356,575,32.8544108849059,-103.8032328645558,0.04110949020182741
356,576,32.85434725279508,-103.80286105427962,0.33410783493043905
356,577,32.854283616241595,-103.80248926886922,0.2898498190662684
356,578,32.85421997526722,-103.80211750840343,0.22915913239578561
357,572,32.854242565221334,-103.8044369704701,0.2357747007442969
357,573,32.85417888727848,-103.80406260088903,0.3615554245854801
357,574,32.85411530392007,-103.80369269719682,0.3311286489824936
357,575,32.85405169694332,-103.80332196457472,0.15919487731499793
357,576,32.85398802238369,-103.80294841538395,0.2589612490754357
357,577,32.853924360986326,-103.80257567965398,0.26692714291524533
357,578,32.8538607626044,-103.80220601678717,0.21217785203929304
358,575,32.8536996253917,-103.80341248010387,0.17891287010249593
358,576,32.85363598539991,-103.80304067508898,0.2162193183298304
358,577,32.8535723409662,-103.80266889493969,0.30492508694284615
371,570,32.849441533114295,-103.80646979815326,0.18064975345236475
371,571,32.84937778736933,-103.80609484796891,0.44965915012630114
371,572,32.84931411171814,-103.80572297771242,0.03481369227052106
372,570,32.849089472492246,-103.80656030230234,0.3237045625773356
372,571,32.84902579717726,-103.80618840963494,0.6933069667824159
372,572,32.84896209558633,-103.80581565400068,0.4041590890462484
372,573,32.84889836644351,-103.80544197797927,0.07630115056594536
373,569,32.84880116145854,-103.80702577702124,0.239218724459384
373,570,32.84873748649973,-103.80665386201666,0.279312752513865
373,571,32.84867373161901,-103.80627891707594,0.7681394755916895
373,572,32.84861004770029,-103.805907051875,0.8360196884714107
373,573,32.84854635925974,-103.80553521123007,0.29121795501333625
374,570,32.84838542456186,-103.8067443666827,0.07592667970681051
374,571,32.84832174097809,-103.80637247906832,0.2215427726804023
374,572,32.84825800092857,-103.80599852010181,0.24549085159039477
394,548,32.842739224502814,-103.81675528785925,0.352947181175969
394,549,32.84267556416417,-103.81638293197406,0.41579076830970907
401,150,32.865089241140666,-103.96736670284544,0.26253222621670125
402,104,32.86753966906628,-103.98499314273602,0.7205454802537443
402,105,32.867478707536925,-103.98461047075192,0.746622250782084
403,105,32.86711990986492,-103.98469190801336,0.12636554822940124
413,144,32.861203052624404,-103.9706932881736,0.4664239900536543
414,589,32.83297263627401,-103.80319354041465,0.5030211568163756
414,590,32.83290871764639,-103.80282224886032,0.40259619919720724
415,589,32.83261890283912,-103.80328886201023,0.2071862082845028
415,590,32.83255488932982,-103.80291453984336,0.2544457640046488
423,255,32.850859651126875,-103.92942038935763,0.06085333805505996
423,256,32.85079768446504,-103.92904216080493,0.04554052121668873
424,254,32.85057193213379,-103.92988369021083,0.032949026077978956
424,255,32.850509967821665,-103.92950544417631,0.7763932242390564
424,256,32.85044799709696,-103.9291272195703,1.0082273872468508
424,257,32.85038611561155,-103.92875125445276,0.1471968010467361
425,254,32.85022227295462,-103.92996924797606,0.8439172732973597
425,255,32.85016028284171,-103.92959049995132,0.4223932036197232
425,256,32.850098308053916,-103.9292122792906,1.0274006703095035
425,257,32.85003645573624,-103.92883708621225,0.42746578512013966
426,254,32.849872712694804,-103.93005713757287,0.7248646980751821
426,255,32.84981066269944,-103.92967710100814,0.7425548260967366
426,256,32.84974876112049,-103.92930068084088,1.0622090600807836
426,257,32.84968677571368,-103.92892248459567,0.4828197833101505
427,254,32.84952307934963,-103.93014335870465,0.13839739691216807
427,255,32.84946105223128,-103.92976395607896,0.32539199585793993
427,256,32.84939906936692,-103.92938574682206,0.3215118202010987
427,257,32.849337223789135,-103.92901088990784,0.08269942607916858
440,544,32.82671696223819,-103.82231616593351,0.4554595435278058
441,543,32.82643011533946,-103.8227808564044,0.3725075992136278
441,544,32.82636628080217,-103.82240812718547,0.3626037082095177
441,545,32.82630240714087,-103.82203445557629,0.38286308181869616
451,263,32.84053629409285,-103.92890738216337,0.40732735161260397
451,331,32.836298206565964,-103.90328824505701,-0.03447937360042178
451,332,32.83623591954504,-103.90291816380939,0.224542747344062
452,330,32.83600651501384,-103.90374906089713,0.08218802639974279
452,331,32.835944188720006,-103.90337798184743,0.13786322742558615
452,332,32.835881803964455,-103.90300575412913,0.04206741623792774
452,333,32.83581950259893,-103.90263558986051,0.4747678223701184
453,330,32.83565253982208,-103.90383971159542,0.4034741962067108
453,331,32.83558983934267,-103.90346026034271,3.188393625493386
453,332,32.835527687234546,-103.90309335306655,0.045804437725023815
453,333,32.83546537533753,-103.90272301627986,0.13488153482939674
454,330,32.83529871155457,-103.90393368114098,0.14547798589120087
454,331,32.83523627792089,-103.9035603297518,0.03965402366255458
454,332,32.835173838135766,-103.90318701095285,-0.08748076351092145
489,144,32.83444535019187,-103.97734208963071,0.17085557208028296
489,145,32.8343838210117,-103.97696154440261,0.3758790219161772
490,143,32.8341565648973,-103.97780663398586,-0.07495012007026321
490,144,32.8340950919575,-103.9774270606901,0.15676310077780556
490,145,32.834033691913966,-103.97704896662611,0.36358440465161357
491,142,32.83386796794182,-103.97827463592677,0.15938086686054304
491,143,32.8338064431114,-103.97789405118132,0.6137522776044022
491,144,32.83374491195021,-103.97751348966612,0.5446137162019363
491,145,32.83368356211505,-103.97713638971464,0.2542629600486355
492,142,32.833517849682686,-103.97836205099391,0.05116554105418803
492,143,32.833456320626,-103.97798146924424,1.1678941563072895
492,144,32.83339478523889,-103.9776009107247,1.0863577822327877
492,145,32.83333324352339,-103.97722037542883,0.2511603885551015
493,142,32.833167730725584,-103.97844946692959,-0.0854035840656089
493,143,32.833106197442405,-103.97806888817433,0.4147683144029199
493,144,32.83304465782917,-103.9776883326491,0.6666825853328633
493,145,32.83298311188795,-103.97730780034745,0.09827342642492602
494,142,32.832817611071775,-103.97853688373353,0.023895040728030056
494,143,32.83275607356188,-103.97815630797135,0.2194078515680882
494,144,32.83269452972234,-103.9777757554391,0.4844726415184913
494,145,32.83263297955516,-103.9773952261303,0.11441090317202669
495,142,32.83246749072256,-103.97862430140542,0.11260592000427586
495,143,32.832405948985766,-103.978243728635,0.4447792250838149
495,144,32.83234443505803,-103.97786379845193,0.24942350257499227
496,142,32.83211755994616,-103.97871516060582,0.21886794586701905
496,143,32.832055947005195,-103.9783333806965,0.7583208453590161
496,144,32.8319947459231,-103.97795919217754,0.12338490012853526
497,52,32.83728198441412,-104.01317344086662,0.12999186294864046
497,53,32.83722102154695,-104.01279078712061,0.42967208567211224
497,54,32.83716005180393,-104.01240815589227,0.38706792591159345
497,142,32.83176743864804,-103.97880257991207,0.13000732264022033
497,143,32.83170617156244,-103.97842712468031,0.5329421457025205
497,144,32.83164487996083,-103.97805136900666,0.1255709059703712
498,52,32.83693245124719,-104.013264116437,0.3448666263449631
498,53,32.83687133933682,-104.01287896071601,0.5060480816281338
498,54,32.836810306384244,-104.01249531198123,0.6786962222930216
498,55,32.83674932551571,-104.01211270629338,0.23661647697785074
498,142,32.83141750780134,-103.9788934405458,0.19291371963956047
498,143,32.83135595310111,-103.97851287485932,0.4839818216352852
499,52,32.836582714117455,-104.01335126741616,0.38243967207146834
499,53,32.836521742588396,-104.012968618718,0.4485752646055003
499,54,32.836460764184174,-104.01258599253735,0.2870111394550399
499,126,32.83205107823069,-103.9850661172787,0.16810449253738566
499,127,32.8319897895053,-103.98468818653699,0.25377992194671034
499,142,32.83106738555945,-103.97898086148535,0.26454763975764567
499,143,32.831005749486714,-103.97859891280197,0.25248815165409916
500,53,32.83617200052677,-104.0130557736804,0.056303125790241715
500,125,32.8317624770506,-103.98553444497112,0.18606827994835515
500,126,32.83170121639077,-103.98515694684271,0.4012156946543426
500,127,32.83163975494905,-103.98477601573737,0.17024237259545522
501,125,32.83141261933959,-103.98562527327911,0.019520419399831557
501,126,32.83135116003641,-103.98524432186105,0.6997829221768596
501,127,32.831289694360485,-103.98486339374125,0.5419172254577286
502,126,32.83099979847786,-103.98533328081719,0.4123812514832579
502,127,32.8309385236989,-103.9849558097832,0.3914099078377073
503,126,32.83064643822641,-103.98542835786499,0.22329141186066254
503,127,32.83058496442048,-103.98504743443256,0.2780422742770525
507,255,32.82124669205208,-103.93682283417463,-0.015768581680407092
507,256,32.82118420931947,-103.93644150658848,-0.03438472679400988
507,257,32.82112172048631,-103.93606020227178,-0.02808513074363299
508,254,32.82095529296809,-103.93729949631796,0.14425654137657049
508,255,32.82089285214747,-103.93691889460464,0.34828235946822145
508,256,32.82083032477651,-103.93653682161099,0.9511469580414195
508,257,32.82076783153132,-103.9361555191726,0.8451263981125205
508,258,32.8207053065532,-103.93577376309355,0.026624661082363096
509,254,32.82060141753199,-103.93739480829367,0.1645438911199885
509,255,32.82053893207243,-103.93701346117156,1.1093022752839001
509,256,32.820476271589015,-103.93662900512375,1.5387388846865142
509,257,32.820413763274,-103.93624750523648,1.1541123190754778
509,258,32.82035125965777,-103.93586622885843,0.027941390407918563
510,254,32.82024718149812,-103.93748345245724,0.04459080452345791
510,255,32.82018469191109,-103.93710210908252,0.5061055017924362
510,256,32.820122163688886,-103.93672018714028,0.7695981213654743
510,257,32.82005969444225,-103.93633949218474,0.3990064137280559
510,258,32.81999715837512,-103.9359576967963,-0.0004891493264452636
511,144,32.82671030853125,-103.97931557912825,0.43128923316543155
511,255,32.81983048041593,-103.93719131313392,0.0031115518940499375
511,256,32.81976795050822,-103.93680944172341,-0.01932311292876056
511,257,32.81970561755707,-103.93643134191366,0.01875741988888127
512,144,32.82635667915439,-103.97940725941318,0.5560963160373575
512,145,32.82629485917401,-103.97902334111116,0.11434765194179645
512,146,32.82623342640508,-103.97864631869354,0.18606153963313526
512,394,32.810748408398744,-103.88487592088262,0.4678183005717248
513,143,32.82606467000808,-103.97987944319576,0.061411604171075475
513,144,32.826003049232575,-103.97949894072919,0.3576937536668463
513,145,32.82594142213629,-103.97911846148475,0.40908207252261597
513,146,32.82587978872121,-103.9787380054558,0.43843602940558646
514,144,32.82564941876703,-103.979590623076,0.24893960795571968
514,145,32.825587787789324,-103.97921014655344,0.4323599373320397
514,146,32.82552615049317,-103.97882969324628,0.022164667859370994
515,144,32.825295787759046,-103.9796823064534,0.2020539259294017
515,145,32.825234152899675,-103.97930183265139,0.5323295806328631
515,146,32.825172511722215,-103.9789213820647,0.10771753045536057
516,144,32.82494215620983,-103.97977399086119,0.2292299013969475
516,145,32.82488051746859,-103.97939351977838,0.5005892011072017
516,146,32.82481887240961,-103.97901307191087,0.029794722728418536
517,145,32.824526881497334,-103.97948520793418,0.45149041006237706
517,146,32.8244652325566,-103.97910476278454,0.43546163739395893
518,145,32.82417324498713,-103.97957689711853,0.06734509113085711
518,146,32.82411159216443,-103.97919645468542,0.49618941558945573
519,146,32.82375795123435,-103.97928814761333,0.3135803334995199
525,163,32.8205871692596,-103.97338492689835,0.0916313300544715
525,164,32.8205253754317,-103.97300491707125,0.05554852358742787
525,397,32.80594836737627,-103.88494464866118,0.56878121019038
525,398,32.80588508063726,-103.88456957123776,0.44835078845616094
526,162,32.82029544161249,-103.97385552837069,0.46098823614683615
526,163,32.820233650170586,-103.97347549825987,0.43549111194258067
526,164,32.820172052535064,-103.97309890839894,0.4233297776079566
526,165,32.820110248372536,-103.97271892344459,0.053858096227720365
526,397,32.8055939437709,-103.88503614314803,0.4984492763481208
527,155,32.82037521785743,-103.97659670791012,0.38226228971827364
527,156,32.82031328838373,-103.97621349457498,0.29328445539109654
527,161,32.82000480034231,-103.97431907244194,0.014051949304346082
527,162,32.819943027344586,-103.9739392983152,0.6869650829404649
527,163,32.81988143251669,-103.97356268937607,0.5880333940045139
527,164,32.81981963058528,-103.97318268452432,0.7669102910729501
527,165,32.8197580227546,-103.9728061188621,0.7504583195716286
527,166,32.81969620810469,-103.9724261591443,-0.09959184938520467
528,154,32.8200845798997,-103.97706066464629,0.12459589858973698
528,155,32.82002283083084,-103.97668045696561,0.6203807739411915
528,156,32.81996107546445,-103.97630027241912,0.46877835100542264
528,161,32.81965240560105,-103.9744031161606,0.07936960603636924
528,162,32.81959061233211,-103.97402306927532,0.6816823659558421
528,163,32.819529013880256,-103.97364646337027,0.7291306453072459
528,164,32.81946740885627,-103.97326987863943,0.7839621258928436
528,165,32.81940559643657,-103.97288989903413,0.8889791009000936
528,166,32.819343978411865,-103.97251335755783,0.18078883664063386
528,167,32.81928215327568,-103.97213342306355,0.0860255562155747
529,153,32.819794145980275,-103.97752806647142,-0.057367591033880706
529,154,32.81973236064572,-103.9771471897905,0.45429611865830455
529,155,32.819670443062314,-103.9767642070458,0.47066806666041205
529,156,32.81960868363457,-103.97638402564348,0.23336490371276145
529,157,32.8195469179109,-103.97600386736585,-0.01680971283757195
529,161,32.81929980736382,-103.97448372427884,0.06079059708571322
529,162,32.819238196576336,-103.97410684125074,0.3696621103855064
529,163,32.81917661109742,-103.9737305198365,0.7336514337152138
529,164,32.81911499753715,-103.97335385491601,0.8452301042565427
529,165,32.81905333474583,-103.97297648702863,1.0392231825087592
529,166,32.818991547726824,-103.97259714177339,0.31131388682750843
529,167,32.81892971853319,-103.97221721042133,0.17058837786806008
530,144,32.81999744634859,-103.98103831886151,0.07730820133614442
530,145,32.81993575192433,-103.98065788378604,0.44312831528695534
530,146,32.81987405118727,-103.98027747192481,0.32194879487755995
530,147,32.81981234413932,-103.97989708327083,0.1306701088419778
530,148,32.819750630782295,-103.97951671781696,0.04752560189423816
530,149,32.81968870716299,-103.9791329446911,0.14714524496909923
530,153,32.819441766030096,-103.97761181117959,0.22755426027899092
530,154,32.819380014994465,-103.97723158570255,0.755842917764874
530,155,32.81931805455313,-103.97684795815042,0.8956186749270099
530,156,32.819256291063844,-103.97646777989091,0.4764895420145718
530,157,32.81919452127899,-103.9760876247559,0.17481769164502883
530,161,32.81894752887859,-103.97456976575087,0.14573597155034473
530,162,32.81888578007856,-103.97419061424117,0.3525874887187402
530,163,32.81882423451126,-103.97381503192655,0.5362693145830206
530,164,32.81876263526006,-103.97343867411186,0.4748563522230007
530,165,32.81870094326382,-103.97306087822923,0.4971371858920023
530,166,32.818639116298996,-103.97268092699859,0.061445355572519476
530,167,32.8185772830477,-103.9723009987874,0.02915455071453503
531,144,32.819645307768305,-103.98112547166325,-0.006575828374037156
531,145,32.8195834041828,-103.98074160426947,0.28783653033518325
531,146,32.81952169938039,-103.98036119555154,0.7187113524575974
531,147,32.81945998826743,-103.97998081004067,0.4659343916269143
531,148,32.81939827084577,-103.97960044772975,0.4258196312997125
531,149,32.81933654711714,-103.97922010861129,-0.004409617010041281
531,153,32.81908938534094,-103.97769555691457,0.1919571582999204
531,154,32.81902763024283,-103.9773153345794,0.48661710057256685
531,155,32.8189656653046,-103.97693171027913,0.8379542325854947
531,156,32.818903966334624,-103.97655268969301,0.6824684562103913
531,157,32.81884232716703,-103.97617480639398,0.20524485308066173
531,161,32.81859516828722,-103.9746544257063,0.11303572921785461
531,162,32.81853347371914,-103.97427625957576,0.22584293176994308
531,163,32.81847195592647,-103.97390120902195,0.2770869644782661
531,164,32.818410339888956,-103.97352463244577,0.18780133144802744
531,165,32.81834851515269,-103.97314466132406,0.041984000021826826
531,166,32.81828668412967,-103.97276471323313,0.4152453084434252
531,167,32.81822499174718,-103.97238723931939,0.22776024861048622
531,168,32.81816320492963,-103.972008298986,0.1417625099801625
532,134,32.81990977569372,-103.98501697202002,0.16866226201404816
532,135,32.819848210473815,-103.98463754698727,0.07758216040582937
532,136,32.81978645163906,-103.98425502619423,-0.007289913757294504
532,138,32.81966325368178,-103.98349569717053,0.05033038438244098
532,139,32.81960158875989,-103.98311512708234,0.275357925737718
532,140,32.81953991751308,-103.9827345802445,-0.06311690743597549
532,144,32.81929296379145,-103.98120918993152,0.1277331711448644
532,145,32.81923126109444,-103.9808287602003,0.38589724718350993
532,146,32.81916944330786,-103.98044653401237,0.4586458893353702
532,147,32.81910763725276,-103.9800646314582,0.5562473277462809
532,148,32.8190459101725,-103.97968417867575,0.2981969624530896
532,149,32.8189841823794,-103.97930384269871,-0.07311078604316995
532,153,32.81873700391409,-103.97777930367606,0.07895812507352035
532,154,32.818675244753315,-103.97739908448136,0.18263646597496164
532,155,32.818613479295124,-103.97701888842928,0.2704226631648886
532,156,32.81855170754083,-103.97663871551075,0.20418198237564286
532,157,32.81848992949167,-103.97625856571639,0.07876764443427536
532,158,32.818428145148815,-103.97587843903672,0.23575450159100358
532,161,32.81824305398719,-103.97474324118696,0.15106972424856838
532,162,32.81818137947777,-103.97436548242331,0.37165821331303756
532,163,32.81811973760444,-103.9739884044375,0.4449136363652421
532,164,32.81805791509656,-103.97360841341244,0.18396789897816898
532,165,32.81799608630154,-103.97322844542929,0.2452139700306568
532,166,32.81793425122011,-103.9728485004767,0.5966029063589894
532,167,32.817872612132874,-103.97247199226159,0.16746045266793494
532,168,32.817810764339,-103.97209209239566,0.23077799490603615
533,134,32.819557546475956,-103.98510189790393,0.7037385025044356
533,135,32.81949590280854,-103.98472123790816,1.1203209637430736
533,136,32.819434252806616,-103.98434060118157,0.11601680842120292
533,137,32.81937259647276,-103.98395998771979,-0.10886287513025333
533,138,32.81931093380952,-103.9835793975182,0.32510408739909996
533,139,32.81924926481933,-103.98319883057192,0.8048644989871329
533,140,32.81918758950459,-103.98281828687577,0.6379234046412856
533,141,32.819125907867615,-103.98243776642435,0.3260087616755836
533,144,32.81894061907993,-103.9812929092381,0.14421939085453767
533,145,32.818878912316805,-103.9809124826477,0.22471989299728343
533,146,32.81881719924195,-103.98053207927099,0.16131093936531032
533,147,32.81875547985725,-103.98015169910111,0.3053170287380739
533,148,32.81869367505927,-103.97977002057846,0.19958565408318746
533,149,32.8186318735114,-103.97938852387192,0.057057470672351764
533,154,32.818323063080435,-103.97748626123753,0.17953188469254225
533,155,32.818261293418416,-103.9771060673837,0.39022377482383447
533,156,32.81819950629465,-103.97672570950056,0.4424356698768155
533,157,32.818137735208346,-103.97634574906695,0.18856830252085577
533,162,32.81782913641249,-103.97445219421866,0.20798529276683297
533,163,32.81776731613283,-103.97407218327822,0.05342094872003444
533,164,32.81770563385836,-103.9736946221297,0.312681604569048
533,165,32.81764385970932,-103.97331564603276,0.4860020681602382
533,166,32.817582020427764,-103.9729357032772,0.5606220614237528
533,167,32.817520174860796,-103.97255578354064,0.5249805167857412
533,168,32.81745852558206,-103.97217929948079,0.19938748841696552
534,133,32.81926667559782,-103.98556282137005,-0.17263118010504128
534,134,32.81920514095373,-103.98518390938021,0.532368734871655
534,135,32.819143594411635,-103.98480492987922,1.1753687193670057
534,136,32.81908194034014,-103.98442429629371,0.4986370052804651
534,137,32.81902027993708,-103.98404368597285,0.1261004075396756
534,138,32.818958613204984,-103.98366309891198,0.6703865636432446
534,139,32.81889694014634,-103.98328253510621,0.6915074371782877
534,140,32.81883526076348,-103.98290199455045,0.5028817992960435
534,141,32.81877342054926,-103.9825189088816,0.33730837202916997
534,144,32.81858827363503,-103.98137662958271,0.1522150880093014
534,145,32.81852656280559,-103.98099620613173,0.29906859119001733
534,146,32.818464845664785,-103.98061580589432,0.2123328948074192
534,147,32.81840312221449,-103.98023542886352,0.17829541127564047
534,148,32.81834139245655,-103.97985507503216,0.17064347971182378
534,149,32.8182796563927,-103.9794747443928,0.01536980277037055
534,150,32.81821791402463,-103.97909443693776,0.24458639176480823
534,163,32.81741489392413,-103.97415596313145,-0.12805702831492097
534,164,32.817353204552,-103.97377834887364,0.2179715130592407
534,165,32.817291429816635,-103.97339943204774,0.46854949720175265
534,166,32.81722958647627,-103.97301949242787,0.9038676808699417
534,167,32.81716794000012,-103.97264298932599,0.6733264921066989
534,168,32.81710608394867,-103.97226309479218,0.2006714786786287
534,169,32.817044424479406,-103.97188663487425,-0.043512282001410295
535,129,32.81916089207534,-103.98716944520322,0.21013612686751246
535,130,32.819099272119466,-103.98678867603113,0.14545606982477421
535,133,32.81891442090852,-103.9856472808758,0.13603677572930734
535,134,32.81885293709182,-103.98526927661466,0.2196392314137153
535,135,32.81879128528437,-103.9848886229001,0.3453989572251165
535,136,32.81872962714313,-103.98450799245433,0.3183084167911608
535,137,32.81866796267068,-103.98412738527303,0.15657332926747516
535,138,32.818606291869564,-103.98374680135154,0.2832290787780795
535,139,32.81854461474222,-103.98336624068499,0.6470442663239194
535,140,32.818482931291065,-103.98298570326824,0.35708449936759207
535,141,32.81842103425985,-103.9826017512496,0.09056825794465499
535,144,32.81823592745804,-103.98146035096504,0.5157071046778879
535,145,32.8181742125621,-103.98107993065217,0.21801543522062092
535,146,32.818112491355144,-103.98069953355267,0.4878829139295157
535,147,32.818050763839075,-103.98031915965962,0.2795095286492795
535,148,32.817989030015696,-103.97993880896581,0.038738139037830376
535,149,32.817927289886775,-103.97955848146384,0.1664277715618225
535,150,32.81786554345402,-103.97917817714601,0.4265647241705091
535,151,32.817803790719026,-103.97879789600441,0.5044254692710763
535,163,32.817062470979636,-103.97423974399686,0.1336882599547835
535,164,32.81700083537268,-103.9738630960484,0.3544786518506998
535,165,32.81693899918777,-103.97348321907225,0.7723147474340774
535,166,32.81687735551387,-103.97310669691569,1.1624114305636015
535,167,32.816815501688275,-103.97272678250889,1.1360208992067153
535,168,32.81675365874013,-103.97234717896981,0.2403290308025594
535,169,32.81669197848596,-103.97197043421485,-0.009158140249180007
536,128,32.818870223888496,-103.98763390987128,0.22776695122155455
536,129,32.81880860621116,-103.98725312054975,0.2397275124980849
536,130,32.81874698218319,-103.98687235451716,0.24216699434449887
536,131,32.81868535180765,-103.98649161177083,0.11027767109632615
536,132,32.81862371508752,-103.98611089230774,0.09333018392769932
536,133,32.81856228084741,-103.98573364139516,0.5779177136163832
536,134,32.818500631305774,-103.98535296754646,0.39983251640353684
536,135,32.81843897542802,-103.98497231697048,0.1538406422736323
536,136,32.818377313216835,-103.98459168966313,0.20161630410439604
536,137,32.8183156446748,-103.98421108562005,0.22178739561563118
536,138,32.81825396980446,-103.9838305048366,0.16113623407013372
536,139,32.818192288608266,-103.9834499473079,0.41547050933514046
536,140,32.81813060108858,-103.98306941302883,0.4018480532533592
536,145,32.81782186652686,-103.98116373809651,0.02777090503230255
536,146,32.81776013631429,-103.98078326224577,0.3863876819465786
536,147,32.81769840473224,-103.98040289148912,0.31740661422598737
536,148,32.81763667179374,-103.98002262610578,0.21060098884865555
536,149,32.81757492264907,-103.97964221956559,0.20052673039080238
536,150,32.81751317215141,-103.97926191838361,0.1508991097316678
536,151,32.817451415351876,-103.97888164037771,0.4713069155224187
536,163,32.816710047300624,-103.9743235258742,0.26991691369104465
536,164,32.81664841299755,-103.97394696348842,0.23439226660753995
536,165,32.81658677212568,-103.9735704222648,0.9775217856772503
536,166,32.81652492079376,-103.9731904924569,1.1448666371582488
536,167,32.81646321223895,-103.97281307950628,0.6285423035229744
536,168,32.81640146167933,-103.97243509378393,0.22084923056427905
536,169,32.81633973722931,-103.97205767504852,0.07520836374796051
537,123,32.81882616541902,-103.98962531804294,0.2034485938524225
537,124,32.818764575328274,-103.98924441444268,0.3803245964582423
537,125,32.81870297887075,-103.98886353414049,0.23018620022813505
537,126,32.81864137604992,-103.98848267713508,0.11317375942004339
537,127,32.81857976686912,-103.98810184342491,0.10436042242114606
537,128,32.81851815133168,-103.98772103300811,0.35286078045819574
537,129,32.818456319620346,-103.98733679695361,0.431872982139658
537,130,32.81839469152009,-103.98695603405916,0.23094149486967785
537,131,32.81833305707262,-103.98657529445077,0.10389327250224879
537,133,32.81820997840464,-103.98581733024015,0.21480663539662234
537,134,32.81814832479215,-103.98543665952887,0.2579329300902577
537,135,32.818086664843904,-103.98505601209014,0.14239678965743538
537,136,32.81802499856257,-103.98467538791985,0.0884753839237431
537,137,32.817963325950764,-103.98429478701362,0.2292217388582741
537,138,32.81790164701099,-103.98391420936687,0.2690918266894586
537,139,32.81783996174573,-103.98353365497469,0.3190022858722953
537,163,32.81635782790785,-103.97441072569087,0.11343201840482779
537,164,32.816296189837814,-103.97403416538796,0.15781415553037684
537,165,32.81623454479619,-103.97365761952294,0.3236661787589974
537,166,32.81617268939826,-103.97327769414625,0.49951992037971943
537,167,32.816111048562924,-103.97290147863976,0.21677182283902613
537,168,32.816049401572926,-103.97252529137603,0.18596445129684527
538,122,32.818535629022875,-103.99009216172868,0.38168300324472315
538,123,32.818473902980465,-103.98970897656878,0.618598819305481
538,124,32.81841230881508,-103.98932807610642,0.4292586743844432
538,125,32.81835070828326,-103.98894719894194,0.3113187038550733
538,126,32.81828910138849,-103.98856634507408,0.13299821159775357
538,127,32.81822748813413,-103.98818551450125,0.28163249372554566
538,128,32.818165868523465,-103.98780470722163,0.652129259905989
538,129,32.81810424255975,-103.98742392323305,0.6648507343017052
538,130,32.81804261024609,-103.98704316253313,0.21375335161511397
538,135,32.81773435353328,-103.98513970825873,0.3635568085664811
538,136,32.81767268318162,-103.98475908722415,0.2106582307723056
538,137,32.817611006499824,-103.98437848945345,0.44538026360357935
538,164,32.815943824469805,-103.97411899981056,0.19516498013020317
538,165,32.81588211323894,-103.97374141607807,0.006431057993226726
538,166,32.81582045840769,-103.97336490110837,-0.0014172549013855083
538,167,32.81575882830505,-103.97298892860499,0.10921155107143488
539,122,32.8181834433662,-103.990177012091,0.4398838890993987
539,123,32.81812185135478,-103.98979609052381,0.5230480131851463
539,124,32.81806025297373,-103.98941519225536,0.5240467058635196
539,125,32.817998648226606,-103.98903431728466,0.16387485741095467
539,126,32.8179370351376,-103.9886534332513,0.1963142717888097
539,127,32.817875208675446,-103.98826918663703,0.4650641422969971
539,128,32.81781358499139,-103.98788838249322,0.5871398424184767
539,129,32.81775195495461,-103.98750760164029,0.3200720653581158
539,130,32.817690318568275,-103.98712684407582,0.20008263606284143
540,122,32.8178313961054,-103.99026412469823,0.5349341192571996
540,123,32.817769799877745,-103.98988320532372,0.6805425656481637
540,124,32.817708197280815,-103.98950230924784,0.7466460737293693
540,125,32.81764637662896,-103.98911798409966,0.2169288314757597
540,126,32.81758476144487,-103.9887371355603,0.09023424795098389
540,127,32.817523139901894,-103.98835631031568,0.6481661942189307
540,128,32.81746150549664,-103.98797540212337,1.3911646456708548
540,129,32.817399727752296,-103.98759227954972,0.1837377712436194
541,122,32.81747913644792,-103.99034778306275,0.20321736501657842
541,123,32.81741753614466,-103.98996686682233,0.4080617045359453
541,124,32.817355929472484,-103.9895859738803,0.4913865157722678
541,125,32.81729431643491,-103.98920510423572,0.40465178208213043
541,126,32.81723269703543,-103.98882425788734,0.3236232849440624
541,127,32.817170866994836,-103.98844010759201,0.42685727143660473
541,128,32.81710922746248,-103.98805918564044,0.6617436569749551
541,129,32.8170475891381,-103.98767841011241,0.1265115668790332
542,123,32.817065484533664,-103.99005398342034,0.3577086626787636
542,124,32.81700387364518,-103.98967309266821,0.348362360855104
542,125,32.81694225639165,-103.9892922252134,0.33889411194055963
542,126,32.816880420358025,-103.98890792984687,0.2444344534971345
542,127,32.81681879052562,-103.9885271099251,0.17628027188176484
542,128,32.81675715433835,-103.9881463132959,0.23121653204514206
547,22,32.82149665810872,-104.02908375232903,0.7826796347876365
547,23,32.821435505285265,-104.02869749585447,0.6043360791800961
548,22,32.821144607306344,-104.02916402664692,0.7118960420658088
548,23,32.82108364906483,-104.02878085064272,0.7442750857542032
548,24,32.82102268357268,-104.02839769619246,0.11673819621464013
549,59,32.818531527527064,-104.01507055384334,0.03325784876251991
549,60,32.81847030645414,-104.01468820442913,0.8287045477499664
549,61,32.818409078597554,-104.01430587769086,0.6408364467951573
549,62,32.81834784396736,-104.01392357365023,0.08830911855397183
550,58,32.81824099606958,-104.0155384984857,0.2836305083885739
550,59,32.818179890881886,-104.01515789554966,0.36738697174444246
550,60,32.818118624769326,-104.01477491198087,0.26440880852108195
550,61,32.8180573166582,-104.01439140107271,0.5536009368259136
550,62,32.81799619457036,-104.01401092186529,0.2187693327205844
550,63,32.81793494892656,-104.01362864271296,0.03445968081679759
551,30,32.819604446079424,-104.02635466536668,0.3968009391278883
551,31,32.81954341777878,-104.02597167279151,0.2714775795290502
551,32,32.81948238234584,-104.02558870206757,0.47619006910442246
551,58,32.81789254881129,-104.01563220892777,0.31871097279777333
551,59,32.81783132591295,-104.01524984175344,0.22942192114525542
551,60,32.81777009622147,-104.01486749723276,0.32508839145619944
551,61,32.81770885974706,-104.01448517538788,0.6322179881669078
551,62,32.81764761649972,-104.01410287624047,0.40749410381644524
551,63,32.81758636648945,-104.0137205998119,0.07160305358143854
552,30,32.81925600831343,-104.02644653328579,0.4129735590481022
552,31,32.81919497563397,-104.02606354343388,0.48154303943320703
552,32,32.81913393582259,-104.02568057543311,0.4206357678182957
552,58,32.81754398769261,-104.01572415326693,0.10844337462394757
552,59,32.81748276042604,-104.0153417888151,0.39889950031285776
552,60,32.81742152636671,-104.01495944701689,0.12970981148149405
552,61,32.817360285524806,-104.01457712789443,0.06469707329793473
558,61,32.815269286527354,-104.0151358828932,0.21525803741042115
559,55,32.81528823789899,-104.01752199286395,0.07990122100024412
559,56,32.8152270002013,-104.01713957771497,0.04456553241320652
559,58,32.81510450435211,-104.01637481519397,0.18587070369247757
559,59,32.81504324622161,-104.0159924678684,0.20811108476355117
559,60,32.81498198130101,-104.01561014319637,0.12585751380885496
559,61,32.81492070960046,-104.01522784120004,0.466129874870517
559,62,32.81485943113003,-104.01484556190113,0.3123663705418327
559,63,32.81479814589968,-104.01446330532096,0.19029863617446083
560,54,32.81500092192348,-104.01799637075166,0.2444491529528999
560,55,32.81493968668626,-104.01761393575386,0.6213719740081365
560,56,32.81487844461727,-104.01723152331664,0.283342109590906
560,57,32.8148171957272,-104.0168491334639,0.07211604934077695
560,58,32.81475597117806,-104.01646724235793,0.09603640091129675
560,59,32.81469486028694,-104.01608721599035,0.13913765740434939
560,60,32.8146336378381,-104.01570561142132,0.10453620458801607
560,61,32.81457213216566,-104.01531980036009,0.2286913197689839
560,62,32.814510849326226,-104.01493752377277,0.23266334374543773
560,63,32.81444955972723,-104.01455526990416,0.06181624502192258
560,64,32.814388160741615,-104.01417146680258,0.1367698652251915
561,54,32.81465243315775,-104.01808920421973,0.3127565552236012
561,55,32.81459134574515,-104.01770909161532,0.48177463868307097
561,56,32.814530119133494,-104.01732698525181,0.1063062464911282
561,57,32.81446886573247,-104.01694459716266,0.16842937665310917
561,58,32.814407605521296,-104.01656223168143,0.20953305466999467
561,59,32.81434633851043,-104.01617988883122,0.12864168084308153
561,60,32.81428506471017,-104.01579756863454,0.1226548275874387
561,61,32.81422378413072,-104.0154152711136,0.37382588482363016
561,62,32.814162267015554,-104.01502948649605,0.3436743032813509
561,63,32.8141009730477,-104.01464723533766,0.3453193483232875
561,64,32.81403958165922,-104.01426362093135,0.14451256535093537
562,58,32.814059040629225,-104.01665418433086,0.2725640508842409
562,59,32.81399778708776,-104.01627211589712,0.1571376690028058
562,60,32.8139364910772,-104.01588952670187,0.4148900768125735
562,61,32.813875202860714,-104.0155071820969,0.8036852775178209
562,62,32.81381368419937,-104.01512145007072,0.6741764771586339
562,63,32.813752385862394,-104.01473920162118,0.30792089204998807
562,64,32.813691080776465,-104.01435697591118,-0.015183230223789958
562,65,32.813629539160644,-104.01397126609689,0.12125950264224289
563,58,32.8137107064477,-104.01674965123917,0.1811545307883305
563,59,32.81364943055545,-104.01636731285888,0.30920017777769615
563,60,32.81358791694048,-104.01598148562304,0.5379133521414411
563,61,32.81352639682685,-104.01559568295717,1.4907148806600303
563,62,32.81346510087895,-104.01521341449653,1.4903539337638008
563,63,32.81340379817265,-104.01483116875451,0.636083320926552
563,64,32.81334248871776,-104.01444894575198,0.07190567927181765
563,65,32.81328094228955,-104.01406323873466,0.10867593177153657
564,58,32.81336237265198,-104.01684511882587,0.1711529899188914
564,59,32.813300860730905,-104.0164592698379,0.21439943215983803
564,60,32.81323934230132,-104.01607344539784,0.39653341814050097
564,61,32.813177817373486,-104.0156876455277,0.6585623050124427
564,62,32.81311651705564,-104.01530537977324,0.8275801041783615
564,63,32.81305520997975,-104.0149231367374,0.46245092995857456
564,64,32.81299389615565,-104.014540916441,0.11957889275684562
564,65,32.81293253606322,-104.01415811798651,0.2120900933304803
565,59,32.81295235135486,-104.016552150544,0.14218596737631284
565,60,32.812890767161086,-104.016165406026,0.20116380629472405
565,61,32.81282923741879,-104.01577960895024,0.48737794029922865
565,62,32.81276793273074,-104.01539734590062,0.43080255106868864
565,63,32.81270662128505,-104.01501510556956,0.3295744456403765
565,64,32.81264530309152,-104.01463288797797,0.1470478416726615
565,65,32.81258397815986,-104.01425069314627,0.28725190461141753
566,59,32.81260368732,-104.01664269882819,0.015431570200630318
566,60,32.812541968844215,-104.01625400122617,0.1392516330348828
566,61,32.812480656964055,-104.01587157322459,0.5586263548642239
566,62,32.81241934790558,-104.01548931287844,0.467481168108098
566,63,32.81235803208983,-104.01510707525082,0.13865379428631178
566,64,32.81229670952663,-104.01472486036265,0.044736967751012297
567,60,32.812193382672966,-104.01634581869168,0.11441271270638212
567,61,32.812132076010634,-104.01596353835043,0.448074120832446
567,62,32.81207076258147,-104.01558128070643,0.3290795011908423
567,63,32.81200944239543,-104.01519904578093,0.18011787844291122
567,64,32.811948115462314,-104.01481683359481,0.08241757419545166
568,60,32.81184480559343,-104.01643778196805,0.18981005694913736
568,61,32.8117834945598,-104.0160555043276,0.4123388716650586
568,62,32.81172217675972,-104.01567324938435,0.29033072821722644
568,63,32.81166085220316,-104.01529101715958,0.044030624884489424
569,60,32.81149622801806,-104.01652974609682,0.2600177286936576
569,61,32.811434912612896,-104.01614747115582,0.33253732887596865
569,62,32.81137359044167,-104.01576521891198,0.11448169599838885
570,61,32.81108633017122,-104.01623943883483,0.14023954137037836
572,53,32.81087983760745,-104.01948566251954,0.19638033030912536
572,54,32.81081855658977,-104.01910323647458,0.2154667221497972
573,53,32.810531525476144,-104.01958112834798,0.2909855838755709
573,54,32.81047000373101,-104.01919518775634,0.21722993323183085
598,327,32.78466965934567,-103.91778892323599,0.30786876586645934
598,328,32.78460651927687,-103.91741265205972,0.2245481133557849
599,326,32.78438289376768,-103.91825508514579,0.20588582584026993
599,327,32.784319723906755,-103.9178782976744,0.322525719484688
599,328,32.784256611428724,-103.91750252689751,0.19370883732225316
600,326,32.78403295152657,-103.91834179656024,0.899614983218795
600,327,32.78396980939303,-103.91796551041274,1.2088001637416126
600,328,32.78390666079706,-103.91758924420282,-0.005288232455013393
601,327,32.78361986229435,-103.91805222540445,0.034583190654247274
617,418,32.77223306749171,-103.88517084130591,0.055277620918708976
617,419,32.77216906558195,-103.8847932517122,0.5128096739541967
618,417,32.77194641956893,-103.88563288191425,0.276655164608297
618,418,32.77188262292074,-103.88525844619777,0.6440704373490325
618,419,32.77181861642753,-103.88488085959158,0.2982816776247168
619,417,32.77159597849794,-103.8857204844427,0.4225787876318789
619,418,32.77153217770443,-103.88534605161169,0.7169818148213253
619,419,32.77146820031183,-103.88496899147142,0.5174312041621185
620,418,32.771181731844095,-103.88543365754738,0.4149953398328926
620,419,32.771117844375844,-103.88505806478504,0.5031928276182401
624,219,32.78236591067517,-103.96087971191956,0.46295672369067564
624,220,32.78230358267473,-103.96050458092988,0.45255308483076906
625,219,32.78201503883395,-103.9609644359601,0.06729643764151791
625,220,32.78195290593448,-103.96059213637389,0.30621288233413146
649,340,32.76595711872099,-103.91745624318177,0.37680117582487016
650,339,32.765663829546796,-103.91791752877982,0.5126527574556181
650,340,32.7656003219812,-103.91754056103015,0.571208043181165
651,339,32.76530718975263,-103.9180040139967,0.18127451357060043
651,340,32.76524369904109,-103.91762734176635,0.40400727875400166
